{"file_hashes":[{"block_hashes":["O+SRYkJOYu2BdoXHqtT0psw8g/5h0qG79bfQr8UqCMs="],"block_size":4096,"path":"COMMITHASH"},{"block_hashes":["krzv7NXw/rCcy9pg6irx5iBpOZPGai6s6q64Iyw5zC0="],"block_size":4096,"path":"devtool.html"},{"block_hashes":["hrFdGzzg6YF+FioVcupSithYdanhtH0SVpXYl4ciimA="],"block_size":4096,"path":"devtool.js"},{"block_hashes":["RjbplcLkcBNGWC+C3kXc2Z4h2bioCUrE8QL5AvOCYHs=","nu9lWmfvp07aO8xSyZV7Rcppbcs5Crfbk/ok0RHYtHY=","nU5yBNY9q5vT8aGkvDevlU9VGI3Vdm7Nm+disJjzCmw=","m+TSJEyzgDY0vD/TBLooL+ySnty5xzcWE6YqqY6XxdI=","5NB886mkX48tbYlB40obTwOWqTBoLEZP9GPEpwx+Rxk=","IB+pVnpZqvbSCtu1xZi4UhDXSmzi31cwfeHQyPTzU+o=","yP+SaOJTKl2R8cqESheHYcGQbuEBHQzuIJsxpvRBiwQ=","llWRaS+l8rjHoXXs3lVRj48qMBHuu4eNwe1P/+P3qWA="],"block_size":4096,"path":"main.css"},{"block_hashes":["h1euFvm1j8IX+Hz6taHek0JBM5uZEuCmzu8ByW2b5xQ=","wdULSlrl9lj+0j5apxIWtUBz17Pvtc71sIJRKY8Ioc8=","JDSQ6P1dd1cPBvWTkLZT9Mlo3HP3ihnBKqm4qPcOFsQ=","k+bRE0HCe5X80bjY7k4BBwzUqUai4lR0NYTG76TISmc=","ibrPMul4QmhXS7nFLNG3/O/NB0CJAmbg8ikH+oJnWAE=","Tk2NL87VwOgpR85g64RDECi2Y1S+ZotAfeoBRGenckY=","AMdDUad47Uh3iNUbY4CVhE0hRZjJLjl+aZZlhVmSFzs=","rKpA6ctempF8kZrIjAwsWhGU8mdekaamjFWslQ4GbWI=","b6thjC7003hgqed1CRAtEwR85B8/nWPAeJS+s1eCiJc=","1br4dDIivaKB5lviCjlarxsmFb2gvuf/i1jlApc/lgo=","wwk5VLwMFcOuw3o71oH/jOzuEe1FDyEsLMJEKj3WjOg="],"block_size":4096,"path":"main.css.map"},{"block_hashes":["ApNgVheVSCT4u4dnnjYDRmeTgBAq8SBMY8n0chQozks="],"block_size":4096,"path":"panel.html"},{"block_hashes":["qFGsyfsLsIM72mGr74YCCbbSSXewVDP567ObAjzGIoE=","FGtKp/A0O9UoLv5nHG4sTcWuKLWsQU555iJeEEzcdIs=","7s3J5HbqCVBZzM/0dwC88AOdeOZxSrc4nntWqhRLIqg=","EBzHvLDmPxGGRcGr2sxuAz+r0evUeE+i5WIqzcK2/N0=","uxs39cvELuwOobzq+7Tvj0KLgL7VsLOvNgq6p/HW2iw=","PEmsjctreSdIs29x2JvtHGHmZb8TiNCmFx7vK4sHfaE=","c8Cfe8c6SzGResWF2X/o2UqOPSRw0bmFW4QDC9IfpGw=","slRjQI3hVfrxmVNVBaJYpMT8pV61IJgJ02qy3eFM7fk=","lpBYY7Df5OptgYQlB8CvkJJA0TWqzcLwzBrlzZnvUqo=","Rc78Wz1k6p4iw2bZO4e/bBaPhXz9PIIkCE0vwdPKSJA=","kZyxlAb7BMxv5E12DBTn+uFCZVIcVjZbxnRPVbiBPl4=","JF9hCoGks9LX2oHlj2ozBhE0p7ewyGZPm5Mz7Wy2SqU=","C6gQldh78AkQdRerPIE3HZnei7AtPGSfSbnjYXrLT60=","ghEvE7S3a95WNMCzogE+3AfYZgBVTtGhk8OqW90PsMw=","MlErTqFBPj0+U7gqCwApoJiycTlAedX1wpcvqSx2kdE=","NpEVj1hlcAqXcVD/UlCPX34zud9jL1eOkyVBpdBhEq0=","ndl5i2RqLPVD79a7Zd9c5ueyTo8/4/Cw1Mu3T3W55O4=","cC2PQIAPXCuGfTNlX/qA0e3kMyphUA4UHfuJ3cEiLs8=","I1H/2duQHnCaInzXBn7ehPvSeMvW8m7bqg6mubBD7Mo=","TF6C1rna5aweR566f0hw+Ro3DGHUsEo0PnxqMDBKBcM=","dgu9upGGxqslMbDcLfdAzHdI80zr2Y2Qp11YaUTDNp4=","Xa9Rok37jj1RFUPnDw0B9KttgX4K9vbJSCO5sieWS4c=","JfhUCBNZur9Pave+XXmttQNBk3bhbjggjir6ge+DcZ8=","suOrygULkWSv3XK+x4qk56Wi9Vl/MChORi1lpIGUiJs=","bZP9w0rdIFayPb3JpNA4t/BPwzERzJ6xURONIk0hAik=","Wk88pQXyacp5fFG1V/Gjxu48JpHb1uBGLA5huB/l7O8=","jaYwLsdhFKD/bY/wPGtSiDFHE3+6m+1nca0sfl0C7Z0=","7023/W3QxaXoI2+n4bORfFk77oq5HG1dwvmxgpIIJZk=","6QT7txPccy0ZUjAwOTEhMvcuMF0bvoekp+9Ag8O0tdA=","XmC3eapqzwRnRnEQbvT2C5mC/lcg5M55lgwIon19A+A=","uGYlQulZO8NKaMx9ShwO/JTS3Da8ALfZfwyshxr8y2Y=","0mIh8YLN6gFXOuZI5Ziww3xoB3u3jgzLVHGGKP3jPMc=","xvvLtcw5qVgraPSGAMTAEUXKFilV9Bl8vgEZBS7mtWE=","+AfURxk/oC7v8mld28Oae5x3UueaEx9/thcIOpHmQjc=","qi5GysRKzhZuDx8eUp0DJvCBYsTFhHIvkdfvuK41V+U=","/rbZym7K9CvOcSFFeqP+9WIR1884s1bG2flv5GhDH3Q=","O5VEdAiWanoOEEs6FJvzNYJT0yEoi2B3B/jjoOCnt6Y=","vCnbdMRHaCVOSWYpUf2whp2Dy1DoZaVgOLXgvEy1FuE=","6z4vIJVLS2q7K13J8m8HMRfK+QdhZftRw1auXiNkPTs=","u/Xeq9FhRoKHZGfjEQ+L88m3j9EjRsOMnMD/g/IOyo8=","GAwaTsweM8iPOUrkm/zaGpy/pPX7tKkEUDIslsmJW6k=","uCpmfUQeYenJnZBG9eXggL/KKz9V2g0ebBFQaOaiVU4=","zKeLZwoTQTxUGmt8JRNftQzmjXlqZXPiIm7WcifqDBg=","+KxAZM5oKPKKQZ0zvkWt3kwJY5FnI9B8wevHYkAKxrY=","kUrpWpvV0PvO7byx/VVyPnElvu1QvnZXhjRRh9eJafs=","ty7L7Sukdg5p60HcEAMCOY/ov9mNGrYdEqGdUuAWA70=","yel2Im+LIu6hnqqlaB6CufqdJSHwXTl+ny4P0Fz3pHA=","hDGBNUe7BX8IhBo9x1hN2nGygEkbV9BfUQoojv8DaB8=","fO4VxmtgCLlRAGZlIvz0SE6J+UzS9ZOFh/EaosID4Ks=","wrbOvW9M68QI2//QdIWEHX7LC6y/80+btimhlkIkJ5g=","i9O+P9c6OgKNNu+ci+pDw7Pi8cR+hfANtKMRR6WdAEc=","+n5d9A3dGxmfXNt9A7U1+nAXFOMVSmj8pqarWbtTZNA=","P6B+R6bk7ivDtgTUwMnUQs8a2dGc+v8KQk2pE5woWow=","XVmZjVolJHwxnG3bzAl17OYDteDxN+c1MZKcK5B4CUc=","n5Q3ejW5AjdKF/KtA9htjlpRxHM49g5mmoa9mKh/6LE=","aNuoaS84/jc3BVqsRvgutPQX3na4WR4we6YKVGjUjVg=","OOYOUXaTTkIAP0sFInBdOcE1AQj2oIwW3tlfTwPVlYQ=","j31HiuH6KQk23xa63HUDxB66DIlTTw3um1XIvCbkMWk=","bKQiAygcnSudT2pR6sJkdBan5aY1gOqUO+zzj91uMNg=","6GWFbtR+gign+ezAeZThi5klT5ZkELColqHOpPeQFpY=","kLPv/kbvaeaHsjTUGIh+fWuullmJf/H3GWaMHs6g4lU=","BUR5wtk7YAqA8/U2Rt3rMG4HINYBGmRwjHiD1bDlNeg=","cK3s3Xbk30iHpYvtzReACad0WJb9IVPML8HmsAGRU70=","OaTnfEJyOcSzU04dg37edjcvtC5ekz4+/8ljF5ugXVA=","TSwV+G/CUaalkbCMzeEHIwMsZbR50SMvYeoEMb+32d8=","Ccc47Hp3xymuzGWGELOX04nZzr/ZcoD89xx8t5miSAw=","JT2Y4RtcFrRdFlFtm+dwJQFoUsu0HWbN8FaraMrQ0Pg=","4S9UFtKmDNCBvTWCSWbyXrs6J7c5qNzUOaB6VJrprO4=","p7LRV+g75DTkC8L1XEvPRhAO29Yg2xjPTbuaMWj+FCo=","UsFp+ZLF9yCNI6BQnvKFpjo+2fu57wfrMIF4cpmD2z0=","UCrDvQ5qW+TIAqw8+KxtE1qq/nSLhS0QBou/TJogrBo=","O4KcZyZOHnuh07GwvAZwrEaYxvnD3O0BgDy6SWm9R9Y=","GKPZdf1IS/s5Jj10+qTqyMY1+nnZ5pTJ1EFmsoE4YEk=","WJjKQwC+kmgrMokL5rNMkW3tSLmoNO2GjNPYccLzaWQ=","TxzLJD6MyvstxynUmnacrS8zi2lp2g7oOerQ+/EXPBo=","HVG3P/eUTHUHKZ9nJEe1TOS9OCSWzXoC0ij8xCIMHtg=","OvYucy9OuxFxS+LPIki+Cepq/Kq5DmwMscl6tEqlDbA=","BBLOk8v+SEUCaoViVPGE0S2dMDQRgmRIngasK+TsOjc=","3ZKGrhlL9iMU3U/Y9pEkDskTBZYnxpKYuXPAMbOpKMY=","zCGUmKkyc+tr++PA8wqcTfliCaziBDlB8kaz9kj3aKQ=","2zDzZ0/7rwfQ1RgYpRaNYDDH7dtIxkD3+2cwjytzF/Y=","UUMI1mlBADcKZC9F09BmwSr4Cjjf8+0v35WzW5wUNuQ=","NLDUbGl08gexduUkG9YigdLvSRhxED2Mom7+Je7wyX0=","JZulcm1d4UKHWTfgX3tRREDHrm/HdtLvXHgTDxmGUcs=","6VZmepDzIQ6oL8sGQSviruCg1LXx2PU0u4E3pw0PaCc=","HllZXwqTO7a5KyxIyQjpmrXTlD1q2dfX7huKDfnTBYY=","KfmpOdj2wurVCzPQS/Y46WIrXR9eJr+Qy5nvpGyv7eo=","V9+cK5q1kY017ttSh0Re9ESsFeToRc3UY4pTgxn/5gM=","ckux6/DNVa48awJ08kkRJk7iJIiCG+f418CNihWqjDA=","DvcEjdFpWxWWaop0bpfxG/jxqjl5xqUNRrii3thbTEs=","LWC/s+jFsxsoqPMEhh+Vj2uhSWsiUsa29iYXIazfhU0=","9Wj8CfXNys2YKW0I6GJ4RMXmxdFXhqur2I3EGw9uya4="],"block_size":4096,"path":"panel.js"},{"block_hashes":["KLpEAkyiR7UcCGmkEOVxM0hkqwFUD/i7R3Zd2Ua4N2o=","29YFD6xs2Id4TK24sh4Nwun6Go70mNAjzKO1+aeZx4Q=","slthgKGkmQswdSMWLVQ5lJis9IAeR2KiMr92bREzGp0=","UsR7rNBfE9x3KTQFWfQyJs9N8BHQUCsZpTuPa7lkO2U=","Fs9pNAE2to1To6tcjlv74waLSjHYnMpC3qgz9OwN/OQ=","J8zZQLR95opqXjmz+azj52S1KLU7jaAeIr1I9LL9w1M=","/b0a5sK+e+vm9udF8a5Ti1p6y19EuI6mWY3C9lAnfY8=","BKEv5Uvuz0DX+NJV8vHp7mLIkZNL56NEwb3jmzKQFiY=","cq9t1X2r5W/5rHGeXGz1T3fGFySpMjSZDk2StQzRwhQ=","ry1eRP8hYPqPkcsoS4D5r+iAYlvHDjwRxl60Ho8icyI=","5AD6br50g2H5Z0c/Sp1oIbid/WSBI0FRJJ9LKo8E53E=","xcmawEq8z/+NiSVV5de55GpRc1E/DOC/8RWuggqk2E0=","dtrsWsJuQyBo6yQ4O1GlS+5mUIEOroyaywZMY9szMPI=","VJICoWUecFV8RXHEzFYCaV1lKa690HWc2R1qoTKRuPk=","i1RUpCpt3GvyEiO7F+0uEPU/8t2cyFiig+Yrg87n5Pg=","c5AJ5+wb9zF5wSCkAygrLkWitSOocJnS8ajMVQuYLkU=","wexIra1kJ8XwyAXSpVNeGHk50VMjG1GLeNnOj+71Mnc=","WkPmM4k+g/wqKGaPS4mFA8ehZrQpkYwpW4oTsXBNM40=","CTwVz3v088BL9uTfsCMnfV8yUxmjGxZC4o1i/m/vpDk=","GIkWg8bQ+ZmSetZSf7JbKfl08VXtIMPbOVFwQuMNTes=","gmXaCBMMyMo0WCqWXFG3DZxkFZ53lo3J56mw+REJzd4=","CZrdyBGbg7cW+3ao4WOFSaGQqOuqBSkdTOvC/cmthoQ=","dEQuz14vVV6ITa/1A5S911szMkKXKTa4iHOtLcMZjS8=","KE8B0XubjLXF8kMBsay9qFlFNVN0OCh6268iLbJBDHI=","eDuJDbTbzth9KTxtWro4Pni1Ek3OOK1yP26v2j6c4IU=","BSmrhurUv47jPqvbcp3ibE4lXUrBQ4tOiLLCnLJzrZo=","Hf1hj5jeszhkCdXrut5Q27bsw+sQY4E9f3b72X4bi6w=","d1ikNOxaBiR+ScCJDHG7DjY0IW5NDuDJefNU+UWbR5Y=","NgQGDbmJMFy5lDV3U6lWfG7StgZkeryMc0eKHmfxs98=","mLBDSYBfCglacLO9t9gRrzYccCdCM/nEzHKggTKx1H8=","6m3INvdlBCODP2xYI4p4DGKdVQRD2Zs0LX1HNdrkyPc=","TEd0jzJeBwZco+KCAHqyxbE8BBiyjRfYW21fdwwvQxo=","C+yT+/Ut2xpRO0dnFOZtbGRTdReDtlZlz0TaWAloMKE=","KyN7vgiZNpwEvLvQAynGl46SSg3iGj3Xgekyq8k0lNA=","3vEuHwDGoI1FvLtyzvXDg0aVEtEc4rT5wjGLCrGpyEk=","NYOhj0tbdtHZrJboP4xOd8bwHZglEACuZRdbgL+F0HA=","azlh989V5iIdH8VIjLS4yIu1BLyF+2RGFYNpPzZU4kY=","c1wiE0CFOeZwUfBVIqDLcC0RXBlIHTF9qG98k9bdrXg=","Hw9DyPO8Pge4GjGul0PYmqwt+cKHesJtzTwdxPfoTA4=","2IN3mCONzRS7j6Vjh52QNp0N5WRcvMHLWmJndKgxqJI=","3p/MlCKVvcgMsKkTFMnm5KbDdTpcCcNWUU0jNMoo52I=","eMq8SpMehUORx0kuicTPXaX1Kh9UaGbqaj7i8mNMM2U=","pa+0l4a198GBmvz086zzu4ZsEW5Ms486gfzb9bpIoOE=","u25K9hNEnYdiCp39EZSx779Oz8Rt4TOK2NripW5SiTA=","lBfbqxED//U/jZs5M93+uV2uvjQZw/HCFZx854BJ9E8=","t5ogYL9N+y4XDEK+W4dj1h3QGdnZTm8HBIG4Lgbxg8M=","JYOR8xAMYWGZlGPbUeqIBPoklpdAZ2zofgF3P/FrlUU=","JRjDTsqBU/DsPLBm05lBU62AKsU7pag1cxJTNeATW5s=","Dcu+YjvTFA0aojwSAn4107Nk67hrC+edKhjHI+Df9oU=","IiRfgHarC7oYafY+RJy3Qk3zlhAiSHhMyQ9DnG2MpO8=","zHhgeQqJFFfX1FYTGqbSMaG+vMIaEJL+OJP+GbqD8Jk=","DKPHhl+RoDpG6lgWqIbEdba0+XVBc2PBodt42mvXMGs=","rCpDLrIQOojbxTvYzkvNG92wwQ6J4Jk+UnqQNZzbXbk=","z5TjKhbOQ+z/XlA5i5n2cFG1u8a0LhyqQhCE5U98Fuc=","Ej4s+VporacG88jgbL9rGYiyE62gb7IS+kiPdmsYdd4=","bbRx9FxeKBRTlrVZTrrqVmBskLsW4rdJfxmkJs5/ccA=","tCOaXOGdUV2SnLmIfIk210/pzP2ozL8EtZ2ly4ugtkk=","D43eL+55GIZ2YNxpFFLoW7aY3yMgVZIBoJbM/I1g4J8=","PYhMw8uQfOKKNRuW18WK5TyBKH8pMJHyyx8j6IQ1b+4=","ju6NXKDtL28dRyLDG1WSnLCcPs3cyBR+jAcNsadvd6Y=","y1YHoO6ljct/Vypxn6BokgeP/OFqRmy5KhUUDcrP3u8=","3zce6Ox+KwpCLnzdRHLwJgQO2S3qpgGh/0S9lQrhkf8=","v7bnFSvsAqJ4Oc7wWi7rJhX6AP5yu+rhPlMd2cbbI0o=","tJUr7k7YqWI5uSLEkpE26TlxRU45MXlE7mZbFj1bWH4=","u6CpxPhhmJJGMoQ7BCsMJXnkZDyvl2E+3+HT+QimKOY=","IWuTCQDc3cWK8lu8WSwn6TW936pw5j96fvTbe+cKkv0=","jDbWrBoKQPqnRh0SZhcmiAqUaFQz9znmFeo4WKVdhfs=","ga2ioasPxwJtOSfgmXqAdP8/wXReP82hJpkrp5i1BRw=","HcDY+70Qynmyokac5cJYE0qxSFaPDWrQ/SaRQzyM62U=","uyQVNDQn9fJHmuNwESGerfhU95ljh7R5I4koRX+6uE0=","hKNdBCtYeAhFDt1pyWg5jVkc5MDeMpevp/YG5p3INFA=","MqnCjPIrh0k63go93krTbzSEjjeoXzY2zV+DcA1IGwc=","jwaZ5gsOtaBtwWBYtAeOLp3WTiWlX3afiGmSZ1tvhT4=","SU6Y34Doh8NQREzll8zyHjBfxnVln4VPN6MV758bfCA=","y81sc1/6nLCu9NVTZpTFx3vy4Dss+DfkbIxnchPU7s4=","WiUEFKhHDf5iBiCKs5PGBJ/LknPOSekPtxwaEajpTPc=","NGZRQWpW6LIiRTm98IBGQC9V3+SGhW3RaTwPGKjcdT8=","JTKdQIMOBXCOhvxMqTgYtFB49dHhVCyFU2Fjkx2U9Tg=","gZZqdjoGIBp8i8e/DnZHnsxEcaxbA43j7/JlbvfVVao=","Lyq2Uwb9mjzph9Tf6tgdPGj7XeVWB5QaSv+/hyY7KA0=","zCv1kWdyzBk9A/ypUsOcI5kJvhJa1n8xD+dkLvBdQbE=","dZi31P97GwNTNO4f9h0f4bsdvNnUx/K8uf+cAe/NYjQ=","boHST+rWYTA/wjAJI3u6fB0J/AeRjp7mI6xUcB1klW4=","u+aSkD+qelERavAg6hQvtdxICrlOhhTyaoaEPXATc8w=","kBCj6M/pi8+f6wuRmbEeCv++SzxJnGBevl/KmHXPku0=","vISviOYc45p5194YF3z/ODRLgcRwsewlvo5y6dv3mgc=","1sqHEGlrTXitq24BqqFAzSVa8Y/UKFpRa8rBkN5Ci6Y=","pyDTY8Ia0SaFmjyAxB8lfJd+vgfZUhhQw8pu/3aWSts=","+ndDefJZGKHH5DXFde/dpVmG1iqVVumiAFbvfXuDLLc=","JYhW4KAyT6y73iXZ5wouEWa0Y4oYkAENT2tjkXNb+/s=","a9s/DQ0Elnfdf/CIDer7NQ9XJ574LzCkZB3cYPD61JI=","nbO3qZsh5xjWpWjhWV+1pGCUE1vmhgyOsrzp5kdg/tQ=","Yvm8QFwBFtqOvmUxDtgk2QaeRSJyGV2cFS/R6qYYlSY=","mai+q+t2vKgxBiUc2I14SQR6GncYZexF04vsGhZ/IYM=","8CvRud51ZXMrcfffjBs8na5bPlme+dFDgZI3cUI/2Rk=","AD2MvtOusNRkenTCeoTk3KQh8tyg+jqetzAKeiN4eHw=","AuK/B6eL3mSqP3MM3Nej/nfZ8U/0GWITIz2NLDcgPnw=","r0wsbrT8Vlj0KHbWvwsEFsNUnieNl/XIFqWSz2McJyE=","XhVyY+Qg7NdAQC92xvlrRbtBpiWEBQ3ZsEk1ZvucgKs=","hNBrb40sWNnxB2er/dhSHmcgCAaL51q7oBuf36vZqg8=","IRptTCkAeMaBDLcrVtQYl84zm1/gbfZXXGj1puSZqeE=","exBNaZXDEBdvq0xrAV22PyfbBx9xPokHKJg49odMMF4=","eCoubKY2fzgwQloV3Q8qgmVcgf6EvwhISwQHeUlIyJI=","lZu9nfxAYJtSMw0qRScsJFnx5PTCu46VcMD1i1H24GM=","MOmGnIO5QeVFRBBvJ9n2EaIIjv1e2fDzQqRZAYP3G9c=","QfEQtF1rzDLpm9bwlTz5ggmFXHu2YkY8vFdRh011KVA=","j1iNw7cAsQSiyKWrRufQ+qntMxBAQVM6zLMkjSyJvJk=","S/tVirCVQ0wZi3/0q0Cz0aY+kUQib8gmnRPlyfTQbUc=","om5EOtDI9bzTP7m2wgA9+OAJZhkMnSB1dwMutw4x/VM=","x/WXNzyhCPpEmBffWlkZ76pF7owMk+UMkkJoZX67thg=","AVQaRBXjDNbeIeB+DyuKsp9YEiCebMZsh1xmjn9MGOk=","TFxKOlqxcntpiv0G2GVIrDNdgnTfUB8tL+4nsGtTvz0=","KlwzT53OLwra2DtN9lJWWYOJ+ThAgaYSTG2n9Dh53bk=","U+EcZt+bIXiisJlTfgxTHaiSw+FUpWl3fS07sAeY4EI=","ou2TMlr1WQ8MMpcuVUeaP3YkHIa42e36EXkRSsWEXuA=","F0sS+Urz4G1jRp44xvxgySba06eYWNJE6flMkbV+4Gs=","wcCmcfJ0CEZgcaR/BVWgJ2NyqxXEyxxlV89y81CynKk=","BMBqNGFxELl0gIulZAsrbxUSyvwXvxmGgmO/o/5Fgrw=","YZ18BvgiYiJmEyN2WgdsNwVW+Rfonv7l/UKJ8z2z6dU=","XMktjNQB3MM6CbVsEGEnAU7ZFKyz+88W5fpRn+A3eZ0=","lQXy0OfBHiAN5BMyg0DMgDP+nXct0p5KRK9Z7g/4O3Q=","4x+Q9kV4uyhvXVB63sPGQk0AnmrfJ53w0epskUUBeyE=","MBOfV4v5CDiYK/MEP/yY+eftNhohYOIKC0MJsxyEtOw=","dJsW8ITmCd+/1fOoq7hgqLBHTJoLamZl5vDke5hWn98=","gLRF4L+yd5EvJVaTYplPcdN+Pq1GoyZV7RqYx4SVvr4=","4PX9jglgLfdo1d8cGanzkofCX7mqEFq/A+WYcFLw2eE=","28xXZvT/iAK0jK3VJMWjXDKhCs75Fy1+/ERtatKDcQ8=","7zyy01BJmmKFWBSFhhaVDwdjskOjWN0L2XNlEWpJJpI=","I8lWXhZ1WQT+z3GkXEijBlipeA4R/GF019M1VhZdPwg=","GDURAp+7Dk8ty2vvZfPjBQZ2hThSiwqFsJ1M+dk+amw=","bzScsaPnkOs/3mW728VTpEAdyX6d0nEmw7kaqcnB9Ak=","WiB0Mly2FTR8ODvatod4hdxlUzM/pCe6ISOgvl4jpBo=","+qtttwrE5LLMPR4trb1WIC7sc8tOcNFNL8dNeke3fag=","QKxdL2vpTWKvwCa57FPD1Ww2iaEjQamr2NNNxoeNDqs=","6oeF6qWJouWAYkT2MSToeeZl9r+yfJPPD3tcsKZZqHs=","tnlyY/HS1EmtlFPJaf7neIMYTv1DCU06UWLo9m25tPY=","rCKC0d6Mh5nGcDHBFNAHwLOdsToYVewEsbWZA3aOq3Y=","+iqvdV9HGkbi+qz8BKOdt3WpqBT/qetkMgzdxyEfZa4=","ebHKtfMcIGSS7e65A0/2fHW8vhoSitFKT9nQAENEMWk=","F/XdhtH7mvOPvSCCKaIzYfd4XeJbWc/NVoYBz7gYQi8=","a/+LAOKkfwVqmFRMUZY8ZUDkqdYwj/iaWpFJhrX0MIw=","W0PmhBoMLQlHXfSwkL49uRWcKZ8P+3I4OTZxHqNYx1k=","a0h54RsFJrXvcpngU7+M0DDjZ+a5M5652W37e6MmdVA=","reD2gTVSUl8kEpCxGa8ySb7J7/TvPIdi/whMReZhCQk=","PW6UNNInc3UEe7Emz7xiW3Oix6ypCfQ4z0WBt2FhyM8=","hBPlsU1lb5cMI4/A7iuojP5S7PCIwiLflFqNuFOpwrA=","IYM5GwYgmjbGWfVM+tfrGzsafflwDtd472OxCcMcXHI=","bB98XMfSpFgsO6bb+TTKCZ9rXsVMJZoVH7zS5sgRtag=","fDhtO29Tpzsj0RQKUAurF9w3wGVMsvpXn70A1toqvrw=","RI03bwvWBdEmGPnrsfH105od+AKbBporJKTmNk8HlMU=","3+MWoqrwL840tHy+FvqGv6iOSxFJw4iRXdSzEYzDwOE=","q+s0CwpEnQFS1W+wFWNhGjtwg/4pfybwMz7huw3c4m0=","f5EIrGqaw17Qeb/4BBqYCUl+N9AbyuaJ530I8YqITOg=","it0a7X5N9CHelwrSel5qgCTVeOTnDPWchrPzVdQljl4=","uXnti29E5MEld7VD4f4h4998YAtolBgaHCBZKuZg8qg=","Pl9R7Mwago896uSAnjH0wElprRlKvAdY/FyZxYG5lE4=","5Vps6WeJdsd4S+FRSZT2ZJSh6azGviAq1abOVqA8wk4=","QXa/lmDfVr8tKP124+Shval5Kd7FGMCUe5nlVCgBfPc=","pqYltE4Q8uMhxlZuB2zgGVtUduf+DdX8hhWwHN4V7xI=","IFwsQ/xuN/FYiNRZdJHPMfT2hqrZRuWCJMorZl8xjWo=","bMvJO2Rm4G6xISxeBvtcZLdP4YQ3HqKgoU9J2OZLUYI=","Eg8pmyg8/2FVcUxVsMYXi18HmeRQjR8t9SIL0Lv5PfU=","kG8CK2wcf+3sYZozQdLG2CR+lH+J2Q8SdDA3dDDZkLQ=","SkNXugrPyvFNp04Sc7xXuuRo22CwwpAHB77HehCShR4=","VQ8ykFeCr8DiQMLIbJBeqPzysBD8emKF5VU3pAXtUZ8=","WczncV3jCifAUdMiKD1bGpkVdp5FsXET5LMefllrfj4=","rTTIMLxxxwTfQBZDwSgYY/m7joJ4WnFAACgt7kYIUtk=","z7oYrowEhFXXphWJ2WwkB2Q/U6521R2bCZT0fTzKfWQ=","cxBQOJ1T87Wb1yePhxgZ7vFaLzwqhm01eEM4SWTjpyo=","lxRnL+E46IUnXxOnZlzIjoPFz5Y5tdtQciUsBepQXa4=","wQqzh2+Dch5T90UhjpyhC01po2LK2G2Juo8ZOW813Ns=","J5PEiie/EaSg8dWFgBRhHyqkio5M5hwlw8BjxKGJXgA=","9qBhmIwEgt3SyhOo1Jaf/9vDFP6FNZhxCnXUq+L0UFo=","18femzz94IPSTIVVAvlCyrOZG8PZY/luNnjLX5+CWQc=","QcV6o9Nn0IPM7MFrT3QuF0YxGVgeWqBicK5ciHDmUBM=","2xyg8m/I2bx3jaXG2LzxWlP7hO1Ho3GqqNP7TEn3Olk=","XVlR34klDeDjuaI3EbDTQthvNNRTZ/Z/gR74sf29590=","RXUzy0LVpEJ4CyaEMoO41C+4j9cNR4Q0I0hhTL3drx8=","DbbVgHH6U1vUnQTCvIsjTC//c01qJZX+TojmRHLE40U=","YVGNqS15KZI7xkD5iJxCXorMwTw02KN9V15/H9ihH+g=","NnGTVQoro1U+n16CUo3WHY+t4liS/hX6MKrBzSorIA4=","4rsQeakOdhjG0tiwNEZe8MOuaR4TKyDehENGSeklh7U=","J3iezbG9pzHgBP3N8r2Z60Ffkrvaabs8ZTBzyj8CprQ=","23zeuDJ6rRTGcPouJB5GYn7KANS3pGEORxLg/oKHYDs=","TPzrIGmfsxVoo9wIHfG4tiMuHe/HT0BlRBU+0PgeAQk=","wF342+ezRfzG+kXesC5xz1gwizQySa5gUshDxkfBREE=","8yq78FBfEpIUVel4jNSaeq97CowaWAJla6THMduRxQg=","3ftkGp1RYdDJrtMO2fnFnvVyZB/jehVuMvG99AJTS7Q=","BoeJX/nVi2OFZuYtYWHZxhCEVcIDYaM3RM2079UJZdU=","ZS9J22+3pkU8JmKU1gbZMJ5gTRr4b4O8VduyG5olFZ4=","qro3kaGdgordGH4278/VGpoJnDGL3LQHXm+/MqzYi+8=","UIyDD2lX3V3GVPkf6YshNXAOSiKT+pFMPiBKUt3oZlA=","/WQT2hWhEc9IuDeTS3Rh2T7E5Njt8M2Byg5ueMkhHjM=","NzZBU5KtYCwjKU9ChbALpqpUWe9qbYPKSZxN5K1n+2Y=","jI3SSlblj8iZJX+/e0gqH1mJ5YSebJoVFaZ64FgC7sY=","M+7HnXqyvAp6ioVPpnMjIjApRWLiVzr9OsNAaOLBnx0=","mmUiYm4rlC55aaSwLs1Gopwx3PRZejSuJbuMV9yHFzs=","Gz8R7wB/OrnQRS4mdaMSSuDpNuxz+twsf89bVsaXbTY=","GS9G9tuxfHxZS8pXySOY0qsMcVARLiAexid1Uww6KPo=","NsHxt16B8DgJ21b9OQ0rXWEapVf/pv7OcYB3QnHeYs4=","8TZ6iX4GSjYyHdo4bMoDKlM4ZRAVp3j/vP0HJRbDMM4=","sJZonAyhydJ6YVcs6JnhGD3+kPWBSg9jas+BkaxzIww=","oT6NtrgZBuuQLsTodbRpgInAv7a9n/8qYFiFYL1r71s=","eRyZr6TgKUiIBrmp8mm3UlT+xoIPhJ+Yb4RCjqllmxw=","t85xFUL8BBYjdrfAmVGj2IHO6rOEonsKXXxEY/iM/i0=","ffEL0fxnwl/Y2j8ax238gtL3VfbqnvmUOEShXEaoASg=","qm7wuuEZEfFPluJ0W7mlNhw3rsueYTRa/WYAm9sDpdE=","UOD5Hp7AZ0qBeXW0PkD0vk8PP9I3856gRjR46OBTn48=","z8HSWRObVOD0SAX7xjC9sU4c2gDm5Q+h/Tf6O72hxNo=","j34B/kYkOiDKbB8p7LujIcZL0JYcu87EOVM5zWjZ49Q=","c7k76W5+atIsWZxDuvXPHL5hnjbK9mX6pupeS/bTzKc=","CAEXSHdrc4fBxaki3sNIMVB294KPHhMCF/K/cf3ob7w=","LwPMmYXDpmHZveYCSqj4/i7LtZw8QGcWUJdCEhibXgU=","VBCVyclWCgBoUVobiCf5tSNHOJoBq85jwJGxhxCnmmo=","dnTRJM/xxUz9smzv03qvQQ+ALcAzRPcHdS97c8K4fWI=","oz3QDrauTzrtmbbVB4+IineIC0CoD3RBnMGxJeJYO1I=","dcfx1gmhQVLZewRcHtNwToKIofHi8vgxub6QiCGPeGc=","dUuaI8YZ7E8Ie8ir6gA1nlc5CoCNV1CaiCOKsxa6uGU=","cYA2CU9mAI3DHHZn/ax0ddq5QNIezmmIFjZofD1PJm4=","4cw4v8pzaeaezMpJHAtF02wX3FR9P7atI6+Dx/udcik=","Z6pnuk8Qy+fnX/weeLMYTImvYLKUiDypCDhkL3BkrrY=","vmTk5d4hruz8iAOI1wyd1OL83Hkou272sl+05omJ5tA=","A+9M+CU1NWYp+ke0aYflKOmKF+q+SFketbhu9sIak6g=","8RToKjV6RTtTHgbKMZrxUfZhDSaZrSud3ll9F3WSL/8=","QWZi1sQwvi2nRBzC+u7M7XDRhUCEQ5IUqh8S4U9u4vs=","nY1jeVJCI0G9dYhv4KXNN6e2/5hiQjtRKGwKMugXfLc=","ClCE0ilmgKfxPQ4GOLeDucfRSrbbXYW8RFODhcczOws=","Avrt9Qh93Q1ixgXmW44GbkQyKktbyMDNDB/QuQhqQLY=","j5YoBhuv2ooabfmwcLptyUn4dtMcKhUbnsQwk6N8EW0=","wLvf/usPJVv42Bglp6Kh9iGiQZOP8i+stP57sPFkQKU=","UtwhWbUDOiokataZUZtntvXORrRIBzuCOLDca7m6zog=","iMlaRF6x63CBOelCdgUZGSGxJoiaH/Kkg4zfU7qmYuI=","R6yofbcCbMo7fK0/CPBnNnpAawpEW3qz5H7sfLOntMI=","JwMG6tgmm8EUwnr5uHOQXftn0E0Naq6IvhbrFBvNpEY=","1rP9WbU1g8CaQekWu6CsbPplmnypW2dqENLXKtJnTf4=","pbAxdofQPqigA/7Bzlkhc+8tWn7nVNI+l1ZoeYpJYgA=","hQO0/WOX1thAZ58xwtHE88KPJhquxqWMzqHqC6gzFJ0=","ZXzkZYAiEuti8gp0qq+RZ9uEtTiDCaMJw2yw6Rr0woM=","i88swoNmAYw0VGnKfl7UTLJdi5fCv2ION+i4rdBF+kY=","ELJLtlAGSFt5/TgqFxcXDWKiV6wNCiHJQ3uI2AhFlMM=","AVU4ovZcjn0aVoLIK8z9rwpgYbUCKLkuStFgnA373oA=","hkZSon+e/ITnT23+sdl0zoJgpHbItZzydMw+GgGz8iU=","qoVtDYZljmb2Xu3Lk9ExH8RP8B1LabnMFoipJPPC+Nk=","xe7xrcpEDTDho+yZ7vigPibm9dSlpWtOb7ZUucFpnr4=","2IT5cRxUQX5g3ULVNXWMYBCPqiMaKXjFtp5wRei2Iqg=","tz8LkLqa6DW1HCZylMBPVido6SCphKk19g9eZySm3rs=","LFv4650MZd3CFxQYpPTTlJV3oT/Q1KdLKd4uKXYkLto=","zsa10YmGJ9nR/LCEexAyeaOH9aY6eZ4hxpTBrGzYnKc=","iMtXZYQTAWWTgQAaByCKkEuKnk/tUs4mukH+/tadmLs=","g/FTlBIlyJIX5PfE2+Wmne9hOjqvvEbsTejMRZAs71Y=","04Y62ISaFQdJJgQpOKnEvrMG19cUNxl1BnEETzuf0ks=","UW5rjg1Vh5tlQbv23f+X03z8+TEiuvFEjhWGda8W6ZY=","9ohZyAP3zsEit0RPUbV5iJl7EJihbaqpOpq9WEoZFHU=","KdZkLBpj3RpyLTTV7nUxDzkZWhIwlS1OGV5C/FOaH1E=","1smbPv8iYHCGxa+SoREjW0RfGKt3GyAH5lO5cFYpOlM=","enL+iAchqgsy6c2gffsQ2t0/IPW7GI42965gJLoM/rA=","9rK1ypsfWoSwFJVXZ3fejtwffTAwy6bJ0MaFgigucpY=","a1BVM6QoZzMlwHlSKmNTdqxRuLhXE2lX+ykU/s/5sSs=","ouByXd5icpORIXV0o0Xn+p1p34e+rqN4IbzQM+mOvjY=","H3nJlvzIUFeVNFtk/1Y+eXYr/IDAABCJJAnPjRkwYPY=","M7XPeIRYj8Y63A8TytzJWSRcij2ivqLRsbVQ4zTyLuc=","WjsFs+ywG9SG4zlKQUnfJWaEaFqt/CzAGSlAKn2EH3o=","Di+Wgbs2ezncwcYC8OK3gYWtyuqBU9MqE8EGZlBB+6I=","1v98m51N0INP3eexHOtyLvTXBvktx0zMyQRkpjLrrXU=","XtEdOf6TODBKJ70JqM8fJMNNxL3f5W7d1Anm9JDLxnQ=","4uWo0CDHXCVcIRsdoDDLThEnUBFruSYNJVCsdvY9144=","z1fwL9U6i7/Y4y+PiPruiXAQ4vrROXQe68KY+NHcl78=","fiA0WhlZEGymRVWFNK9Qt+JQvwGKDr1f+hW+mM1UWpw=","ne7+RO/bZpKBEK1FmpQy+2NWUAvoMXzAp9gMJ0gdtN4=","g+6ZiDtCxTKO5mwcQdFnvD4ZAQ0hlYCR/4OJ+4q4sNo=","xB8BwaA1rrJyoZCdZR7dNXF3NcYnf2wM8YZmJWgGoZc=","uacr6nzem0OmCXt/Jx+fNNXfp0e+X1geT0QNG0T8BPU=","uJu9NiFDI1XntqleNUUf6+pQQ++uoO+B62O3oEviEgU=","9L4yoJWbpUOGAshYURyWxrL8eP/ll//ebRfrfMeQ4/k=","QrxJEcYIoyVF6F7GIPLe6vAfjCk0PHumNaMbSlakECs=","/mJAbZa1T+Kw3IK1c6vgX84fWPno0VJo9ukr6BEMvE8=","s9OFMXQ5KufMf39FjctdWYesm3pI7Lqd+x7C8mzgVwU=","C2M7IoKiFaTmEAZb/aMAgYKwO0oZSYAhsc9uUzxvVV0=","ZY55eL0nvVjzzsiKZik8IKhyioH5DmTOUzoju4Vx9HI=","F8CU9Vr/xAt3Da9W6GBXgy+KXSLbzT+oF/kCh47Ua4s=","LCCP3jFlS3ZvEvH0P8STDZxjnwKNa5PoJuQg5XUbA9M=","sQaO61gUzmMZ3vPGp3sEAnYGL8Du5f6TYnHuJx0xYms=","XJ2TDOF1YNxambNWHRUA1mmGlHIiRwYiLL9L6z2MaZM=","8ChdzvDAXpbjqWs0HzoW6+dafiQbIWDaiJO20ETxSr0=","bL1IMLDo87RRUAAc452rF5Liq8yvK3EqFfjn3m7NRkM=","9jOfKZ1te5Y+IeFjF5XQhvoLiXGnBWAmGbZwobIJ/Ic=","V1Et/Sm4eQfNHxvA6u3mX3ODfFmy0mippsWRJHk+JSI=","Y2SCEsIKecQEkn4kyfuVNtm07H7C62XkvQZkoYkoqEI=","otmRZGdlGCgmHlDZap+GbN91Bvw9Kh+SGGM/ueodCvU=","lbBeDqSmnzw7NiggBmyu6LRxzDNSU7cWJRiE0B+lY/M=","Pd2LxmuzKy9Zw49BewGox6wslp3YMeTmOd90wEKiwOs=","NkyZSvwGaFcbP9T7x21xQsy+cvtUMvbPkgpowuMv+ic=","ZbyhisIPS5L6FeEcJJhX+v9tcfRUOhSbqo9AtcOgjNg=","yFwb0YHG6q5C3u7t1gCTjqgyVPwZ1L0fiQeSVOCm0Iw=","HpEaIdhOjsLHIviR5SBE0smsy5i6VSh2D2HO64biu/A=","wKy9o5YVMfsaZJXh/RtIwuBip+fFKAYz7any/1iQV/Q=","2W46g58pW0v0SXi9s0J6xsIfEzA/xc6Vat67rn2f7uI=","BMCvkY9zHGDwWpHn4LbNWEY+UfLLYkdTfbvJrD2V0H8=","8eZH30pHVWD86y5h8+jylE1Fcz5dovd8jDAKAZAzi/0=","tYc7jaEwcuufzngQ3QRtp4N0yUBZswyxgfwlXyNhhqo=","tCn6fPBRfngT+blIsO5VExOdCRI3NC1rVHop24BTvNQ=","2WCoCMIKyFIeFuP+ikb+82QXUPhMElm4vWTNDQJggb0=","reRuoR/GQfPN9IbKHs3Gl8RUUj4TzUsNBoPJarqf+io=","5ub/AjNW0ohJc+Z4r+P8LBqQSryYtfP6x520IqVy0IQ=","KUJV3abU3DN2awTIo1QyysRq7QQ5T73faWgOyNxCT6k=","36urQp6sYzTzH4xxiBqkcIr6lqk5Zz/dMaFfrtQtRWc=","DswfNwFaT7xB4ISFuNH1FVizzl5A4qJ/TCtDPTUKjWU=","zPdE5WVNMOtuE3Lvk29JzFu8iyNi6zK+wd0ZQjhLUPI=","uTBqUk5MU3J2wlScALU2Z86ohq0oldzcosCUNVftiZA=","BL9y7BFnq/ufsF6o2EL2Wjz7OlxKUNhxtP4gPWE2Qzw=","2hNVrv70gtqzzYtfZzzVHZwo+PGFUE1+sfKrm4Y9wfQ=","tD8k3r7BgkM3lklxsKLlk3QeJIUmog2EyoxIvDcPERg=","8mc/hDKc/ueNqK2hDS6O1W3GbNhEvmUmci7ZcyU+8FM=","0asW/7MZAfbUBVzk3Ht02YIz2eH9j6Wk6M7oFQsEI+I=","HgKjm6w2o6Uv7DLJvlsOPIpLvx/izDNZIqiu9/BPLwg=","YvFnA+PM5HbMsxXW1Q18SdmKYCPeTeJkMqvMYB3BVuU=","wwg9cd3dH+Azs5UvM5+SWi3lbz112qAmsHCIBW5XGzA=","3DcVY0dZtfDOOcjoYA+mxR2NnmBZzFHHXDJb074Bgsk=","hwjGNnHQJlzzXBjtg8vV4fMDPsvhmpk7dDtzLfIggpo=","b+E39/RQ/R8WlMS5HPGbkakFaLqb9FfYUKYwgYqBrao=","esvg+eZ+q9OlvtFOToybv8dNigfeMbfggeS8dYcmHlo=","aQXiLKC8IXesAfs1pM7ayCejeop0PU1hdx2kG0QEMUI=","kEAimHayVFm+lh8Ih9OQzXyl1dpb62kNRRwWJO6Q/WQ=","f43+Rw6lPcj7aF8MxHSpUyGwiKSecSfZzArarbGpCyc=","MKA/FjdhcHKY6wSA7HQ5OuXLM0HiMsQWMjNbQA2F3NI=","2QllehW0/hSSe6A4TiPD5rXHf2az9TpLZHRCxNnpNAo=","KYGJNYNelrGJ9XhjhSAuT75bCh8VcJ8wLJBaUSCK+as=","i5/fUNicOOlQbNFzy1QijvNBkQGbK8Doaf8ugTp9rfI=","sY9ikyDCv3zK+IwKjhY4d5u1q8Zor+RX9i80W4RBZt4=","/IV91tkCmSOj3fQSDaHFNZilW+R7XhRX/bCe+fRpCao=","7RHvzPGoYWfub3tw7wJE1VW3XtRL3jfE5PPm6r4TJyg="],"block_size":4096,"path":"panel.js.map"},{"block_hashes":["yQ34TPijI3G2D/9VaJi+yv9jQDbp5YZSBMGHlXhDWEc="],"block_size":4096,"path":"VERSION"}],"version":2}